nombre,email,password
Juan Perez,juanp@gmail.com,juan321
Camilo Sanchez,sanchezz@correo.com,123456
Pedro Lopez,lopezpedrito@correo.com,111111
Samuel Quiceno,quice@correo.com,quice555
Santiago Mesa,samuelmesa@correo.com,mesaaa22
Guillermo Cano,guillermo@correo.com,123456
Miguel Beltran,miguel@correo.com,migue123
Mateo Gimenez,teog@correo.com,123456
Maria Molina,molinam1@correo.com,moli333
Fernanda Diaz,usuario1@gmail.com,444444
Juana Palacios,juanita@hotmail.com,juanita123
Carlos Jaramillo,usuario11@correo.com,123456
Daniel Ortiz,danio@gmail.com,danio543
Migue Ocampo,mig@gmail.com,mg44444
David Ramirez,david@correo.com,123456
Juan Perez2,jp@correo.com,123457
Camilo Sanchez2,milo@gmail.com,123458
Pedro Lopez2,pelopez@correo.com,123459
Samuel Quiceno2,samuel@correo.com,123460
Maria Ramirez,correo@correo.com,123461
Luisa Balbuena,usuario122@correo.com,123462
Isabella Restrepo,usuario12222@correo.com,123463
Efrain Ortega,usuario14@correo.com,123464
Emmanuel Lopez,emma@gmail.com,123465
Betulia Lara,lara@gmail.com,123466
Eugenio Montes,montes@correo.com,123467
Nancy Arteaga,nancy@gmail.com,123468
Yulieth Wilches,usuario200@correo.com,123469
Luciana Alvarez,lalvarez@gmail.com,123470
Salome Rojas,salo@correo.com,123471
Camila Rojas,camila@correo.com,123472
David Rodriguez,rodriguez11@correo.com,123473
Alba Salazar,usuario29@correo.com,123474
Jimena Sanchez,jimena@gmail.com,123475
Cristian Perez,usuario111@correo.com,123476
Dahiana Gonzales,usuario12@correo.com,123477
Sofia Vanegas,usuario17@correo.com,123478
Valentina Acevedo,usuario19@correo.com,123479
Jose Aspriella,usuario7@correo.com,123480
Andrea Cepeda,fregida@correo.com,123481
Angela Sora,user1@correo.com,123482
Silvia Ortiz,prueba@correo.com,123483
Paola Suarez,nose@correo.com,123484
Fernanda Granados,usuariojjfdd@correo.com,123485
Lorena Berrio,usuario34@correo.com,123486
Tomas Santamaria,adsdas@correo.com,123487
Enrique Montoya,usuario342@correo.com,123488
Andrea Manriquez,usuario1dsds@correo.com,123489
Sofia Betancur,huertas@correo.com,123490
Laura Gil,gil@correo.com,123491
Ana Sierra,sierra@gmail.com,123492
Jose Bernal,bernal@correo.com,123493
Maximiliano Toro,casas@correo.com,123494
Jonathan Alvarez,alvarezzzz@correo.com,123495
Jimena Urrego,urrego@correo.com,123496
Santiago Arango,usuariodsadas1@correo.com,123497
Johan Monroy,usuario199@correo.com,123498
Angel Velez,engel1@correo.com,123499
Cesar Molina,sioso@correo.com,123500
Dora Mesa,usuario1dfdf@correo.com,123501
Valentina Jimenez,usuario00@correo.com,123502
Carla Diaz,usuario2@correo.com,123503
Daniel Velasquez,danivel@gmail.com,123504
Manu Ortiz,u1@correo.com,123505
Hayri Rosario,uuuu@correo.com,123506
Camila Vasco,vasco@correo.com,123507
Nia Yepes,yepes@correo.com,123508
Sara Leon,saraleon@correo.com,123509
Jose Hernandez,eljose@gmail.com,123510
Blanca Agudelo,usuario1222@correo.com,123511
Yusef Parra,parra@gmail.com,123512
Sebastian Arenas,arenasss@correo.com,123513
Jasmin Pena,usuario28@correo.com,123514
Juan Orrego,usuario30@correo.com,123515
Jose Galviz,galviz@gmail.com,123516
Michel Montien,michel@gmail.com,123517
Manuela Martinez,usuario99@correo.com,123518
Bryan Restrepo,usuario100@correo.com,123519
Paula Salazar,usuario101@correo.com,123520
Vero Torres,verot@gmail.com,123521
Yesenia Losano,yessenia122@correo.com,123522
Camila Rua,rua@correo.com,123523
Andrea Jaramillo,ajaramillo1@correo.com,123524
Emily Navarro,navarrito@gmail.com,123525
Luz Acosta,acostaluz@gmail.com,123526
Marina Perez,perez@correo.com,123527
Paula Garviz,garviz@gmail.com,123528
Paulina Valdez,pau@correo.com,123529
Fabian Pimental,fabianpimental@correo.com,123530
Jose Salazar,salazar@gmail.com,123531
Angel Cabana,cabana@gmail.com,123532
Wilmar Gutierrez,wilmar122@correo.com,123533
Esteban Crespo,crespo@correo.com,123534
Martha Arango,martha@gmail.com,123535
Mario Urrego,urregomario@correo.com,123536
Rafael Isaza,rafa@gmail.com,123537
Miguel Orozco,morozco@gmail.com,123538
Manuela Padilla,padillam@gmail.com,123539
Felipe Escobar,pipe@correo.com,pipe642
Juan Jose Pedraza,juanjo@gmail.com,juan321